<?xml version="1.0"?>

<project name="common-jms">

    <property file="${basedir}/build.properties" />
    <property environment="env" />

    <target name="jmx.locate-jboss" unless="jboss.home" if="env.JBOSS_HOME" >
	<property name="jboss.home" value="${env.JBOSS_HOME}" />
	<echo level="verbose" message="set jboss.home to ${jboss.home}" />
    </target>

    <target name="jmx.fail-jboss" unless="jboss.home" >
	<echo message="unable to locate JBoss. Either add jboss.home=... to ${basedir}/build.properties, invoke ant with -Djboss.home=... or set the environment variable JBOSS_HOME=..." />
	<path id="path.jboss" />
    </target>

    <target name="jmx.locate-mx4j" unless="mx4j.home" if="env.MX4J.HOME" >
	<property name="mx4j.home" value="${env.MX4J_HOME}" />
	<echo level="verbose" message="set mx4j.home to ${mx4j.home}" />
    </target>

    <target name="jmx.fail-mx4j" unless="mx4j.home" >
	<echo message="unable to locate MX4J. Either add mx4j.home=... to ${basedir}/build.properties, invoke ant with -Dmx4j.home=... or set the environment variable MX4J_HOME=..." />
	<path id="path.mx4j" />
    </target>

    <target name="jmx.init-jboss" if="jboss.home" >
	<path id="path.jboss" >
            <pathelement location="${jboss.home}/lib/jboss-system.jar" />
            <pathelement location="${jboss.home}/lib/jboss-jmx.jar" />
            <pathelement location="${jboss.home}/lib/jboss-common.jar" />
            <pathelement location="${jboss.home}/lib/dom4j.jar" />
            <pathelement location="${jboss.home}/server/all/lib/avalon-framework.jar" />
            <pathelement location="${jboss.home}/server/all/lib/jboss-iiop.jar" />
	</path>

	<property name="jboss.dir.deploy" value="${jboss.home}/server/all/deploy" />
	<property name="jboss.dir.lib"    value="${jboss.home}/server/all/lib" />
    </target>

    <target name="jmx.init-mx4j" if="mx4j.home" >
	<path id="path.mx4j" >
            <pathelement location="${mx4j.home}/lib/mx4j.jar" />
	</path>
    </target>

    <target name="jmx.init" depends="jmx.locate-jboss, jmx.fail-jboss, jmx.init-jboss, jmx.locate-mx4j, jmx.fail-mx4j, jmx.init-mx4j" />

    <target name="jmx.verify-classpath" depends="jmx.init"
            description="Outputs the classpath that will be used for compilation of JacORB">
        <pathconvert property="_cp.jboss" refid="path.jboss" pathsep="${line.separator}" />
        <echo message="JBoss Classpath:${line.separator}${_cp.jboss}"/>
        <echo />
        <pathconvert property="_cp.mx4j" refid="path.mx4j" pathsep="${line.separator}" />
        <echo message="MX4J Classpath:${line.separator}${_cp.mx4j}" />
    </target>
</project>